"name,college,college,college,college,college,college,college,college,college",college
"U1313,longwood university,longwood university,longwood university,longwood university,longwood university,,,,",
"U8804,universit&#xe0; di bologna,universit&#xe0; di bologna,universit&#xe0; di bologna,universit&#xe0; di bologna,universit&#xe0; di bologna,longwood university,longwood university,longwood university,longwood university",longwood university
"U2136,university of illinois at urbana-champaign,university of illinois at urbana-champaign,university of illinois at urbana-champaign,university of illinois at urbana-champaign,university of illinois at urbana-champaign,universit&#xe0; di bologna,universit&#xe0; di bologna,universit&#xe0; di bologna,universit&#xe0; di bologna",universit&#xe0; di bologna
"U6021,illinois wesleyan university,illinois wesleyan university,illinois wesleyan university,illinois wesleyan university,illinois wesleyan university,university of illinois at urbana-champaign,university of illinois at urbana-champaign,university of illinois at urbana-champaign,university of illinois at urbana-champaign",university of illinois at urbana-champaign
"U7310,university of illinois at urbana-champaign,university of illinois at urbana-champaign,university of illinois at urbana-champaign,university of illinois at urbana-champaign,university of illinois at urbana-champaign,university of illinois at urbana-champaign,university of illinois at urbana-champaign,illinois wesleyan university,university of illinois at urbana-champaign",illinois wesleyan university
"U22859,indian institute of technology madras,indian institute of technology madras,indian institute of technology madras,indian institute of technology madras,indian institute of technology madras,university of illinois at urbana-champaign,university of illinois at urbana-champaign,university of illinois at urbana-champaign,university of illinois at urbana-champaign",university of illinois at urbana-champaign
"U25611,university of southern maine,university of southern maine,university of southern maine,university of southern maine,university of southern maine,indian institute of technology madras,indian institute of technology madras,indian institute of technology madras,indian institute of technology madras",indian institute of technology madras
"U25611,penn high school,penn high school,penn high school,penn high school,penn high school,university of southern maine,university of southern maine,university of southern maine,university of southern maine",university of southern maine
"U2631,beihang university,beihang university,beihang university,beihang university,beihang university,penn high school,penn high school,penn high school,penn high school",penn high school
"U3895,shanghai jiao tong university,shanghai jiao tong university,shanghai jiao tong university,shanghai jiao tong university,shanghai jiao tong university,beihang university,beihang university,beihang university,beihang university",beihang university
"U13005,university of illinois at urbana-champaign,university of illinois at urbana-champaign,university of illinois at urbana-champaign,university of illinois at urbana-champaign,university of illinois at urbana-champaign,shanghai jiao tong university,shanghai jiao tong university,shanghai jiao tong university,shanghai jiao tong university",shanghai jiao tong university
"U9709,university of illinois at urbana-champaign,university of illinois at urbana-champaign,university of illinois at urbana-champaign,university of illinois at urbana-champaign,university of illinois at urbana-champaign,university of illinois at urbana-champaign,university of illinois at urbana-champaign,university of illinois at urbana-champaign,university of illinois at urbana-champaign",university of illinois at urbana-champaign
"U9140,sao paulo state university (unesp) &quot;j&#xfa;lio de mesquita filho&quot;,sao paulo state university (unesp) &quot;j&#xfa;lio de mesquita filho&quot;,sao paulo state university (unesp) &quot;j&#xfa;lio de mesquita filho&quot;,sao paulo state university (unesp) &quot;j&#xfa;lio de mesquita filho&quot;,sao paulo state university (unesp) &quot;j&#xfa;lio de mesquita filho&quot;,university of illinois at urbana-champaign,university of illinois at urbana-champaign,university of illinois at urbana-champaign,university of illinois at urbana-champaign",university of illinois at urbana-champaign
"U15272,bangladesh university of engineering and technology,bangladesh university of engineering and technology,bangladesh university of engineering and technology,bangladesh university of engineering and technology,bangladesh university of engineering and technology,sao paulo state university (unesp) &quot;j&#xfa;lio de mesquita filho&quot;,sao paulo state university (unesp) &quot;j&#xfa;lio de mesquita filho&quot;,sao paulo state university (unesp) &quot;j&#xfa;lio de mesquita filho&quot;,sao paulo state university (unesp) &quot;j&#xfa;lio de mesquita filho&quot;",sao paulo state university (unesp) &quot;j&#xfa;lio de mesquita filho&quot;
"U3933,shanghai jiao tong university,shanghai jiao tong university,shanghai jiao tong university,shanghai jiao tong university,shanghai jiao tong university,bangladesh university of engineering and technology,bangladesh university of engineering and technology,bangladesh university of engineering and technology,bangladesh university of engineering and technology",bangladesh university of engineering and technology
"U2622,wuhan university,wuhan university,wuhan university,wuhan university,wuhan university,shanghai jiao tong university,shanghai jiao tong university,shanghai jiao tong university,shanghai jiao tong university",shanghai jiao tong university
"U11562,shanghai jiao tong university,shanghai jiao tong university,shanghai jiao tong university,shanghai jiao tong university,shanghai jiao tong university,zhejiang university,zhejiang university,wuhan university,zhejiang university",wuhan university
"U22071,illinois wesleyan university,illinois wesleyan university,illinois wesleyan university,illinois wesleyan university,illinois wesleyan university,shanghai jiao tong university,shanghai jiao tong university,shanghai jiao tong university,shanghai jiao tong university",shanghai jiao tong university
"U15292,bangladesh university of engineering and technology,bangladesh university of engineering and technology,bangladesh university of engineering and technology,bangladesh university of engineering and technology,bangladesh university of engineering and technology,university of illinois at urbana-champaign,university of illinois at urbana-champaign,illinois wesleyan university,university of illinois at urbana-champaign",illinois wesleyan university
"U1196,cornell university,cornell university,cornell university,cornell university,cornell university,bangladesh university of engineering and technology,bangladesh university of engineering and technology,bangladesh university of engineering and technology,bangladesh university of engineering and technology",bangladesh university of engineering and technology
"U21990,university of illinois at urbana-champaign - college of business,university of illinois at urbana-champaign - college of business,university of illinois at urbana-champaign - college of business,university of illinois at urbana-champaign - college of business,university of illinois at urbana-champaign - college of business,cornell university,cornell university,cornell university,cornell university",cornell university
"U16101,tongji university,tongji university,tongji university,tongji university,tongji university,university of illinois at urbana-champaign - college of business,university of illinois at urbana-champaign - college of business,university of illinois at urbana-champaign - college of business,university of illinois at urbana-champaign - college of business",university of illinois at urbana-champaign - college of business
"U7347,university of illinois at urbana-champaign,university of illinois at urbana-champaign,university of illinois at urbana-champaign,university of illinois at urbana-champaign,university of illinois at urbana-champaign,tongji university,tongji university,tongji university,tongji university",tongji university
"U24252,isfahan university of technology,isfahan university of technology,isfahan university of technology,isfahan university of technology,isfahan university of technology,university of illinois at urbana-champaign,university of illinois at urbana-champaign,university of illinois at urbana-champaign,university of illinois at urbana-champaign",university of illinois at urbana-champaign
"U12969,university of illinois at urbana-champaign,university of illinois at urbana-champaign,university of illinois at urbana-champaign,university of illinois at urbana-champaign,university of illinois at urbana-champaign,isfahan university of technology,isfahan university of technology,isfahan university of technology,isfahan university of technology",isfahan university of technology
"U2180,university of illinois at urbana-champaign,university of illinois at urbana-champaign,university of illinois at urbana-champaign,university of illinois at urbana-champaign,university of illinois at urbana-champaign,university of illinois at urbana-champaign,university of illinois at urbana-champaign,university of illinois at urbana-champaign,university of illinois at urbana-champaign",university of illinois at urbana-champaign
"U7270,university of illinois at urbana-champaign,university of illinois at urbana-champaign,university of illinois at urbana-champaign,university of illinois at urbana-champaign,university of illinois at urbana-champaign,university of illinois at urbana-champaign,university of illinois at urbana-champaign,university of illinois at urbana-champaign,university of illinois at urbana-champaign",university of illinois at urbana-champaign
"U27582,university of illinois at urbana-champaign,university of illinois at urbana-champaign,university of illinois at urbana-champaign,university of illinois at urbana-champaign,university of illinois at urbana-champaign,university of illinois at urbana-champaign,university of illinois at urbana-champaign,university of illinois at urbana-champaign,university of illinois at urbana-champaign",university of illinois at urbana-champaign
"U21995,university of illinois at urbana-champaign,university of illinois at urbana-champaign,university of illinois at urbana-champaign,university of illinois at urbana-champaign,university of illinois at urbana-champaign,university of illinois at urbana-champaign,university of illinois at urbana-champaign,university of illinois at urbana-champaign,university of illinois at urbana-champaign",university of illinois at urbana-champaign
"U27283,university of illinois at urbana-champaign,university of illinois at urbana-champaign,university of illinois at urbana-champaign,university of illinois at urbana-champaign,university of illinois at urbana-champaign,university of illinois at urbana-champaign,university of illinois at urbana-champaign,university of illinois at urbana-champaign,university of illinois at urbana-champaign",university of illinois at urbana-champaign
"U5981,university of illinois at urbana-champaign,university of illinois at urbana-champaign,university of illinois at urbana-champaign,university of illinois at urbana-champaign,university of illinois at urbana-champaign,university of illinois at urbana-champaign,university of illinois at urbana-champaign,university of illinois at urbana-champaign,university of illinois at urbana-champaign",university of illinois at urbana-champaign
"U4517,xi'an jiaotong university,xi'an jiaotong university,xi'an jiaotong university,xi'an jiaotong university,xi'an jiaotong university,university of illinois at urbana-champaign,university of illinois at urbana-champaign,university of illinois at urbana-champaign,university of illinois at urbana-champaign",university of illinois at urbana-champaign
"U1199,state university of new york college at plattsburgh,state university of new york college at plattsburgh,state university of new york college at plattsburgh,state university of new york college at plattsburgh,state university of new york college at plattsburgh,xi'an jiaotong university,xi'an jiaotong university,xi'an jiaotong university,xi'an jiaotong university",xi'an jiaotong university
"U22747,university of illinois at urbana-champaign,university of illinois at urbana-champaign,university of illinois at urbana-champaign,university of illinois at urbana-champaign,university of illinois at urbana-champaign,state university of new york college at plattsburgh,state university of new york college at plattsburgh,state university of new york college at plattsburgh,state university of new york college at plattsburgh",state university of new york college at plattsburgh
"U22747,birla institute of technology,birla institute of technology,birla institute of technology,birla institute of technology,birla institute of technology,university of illinois at urbana-champaign,university of illinois at urbana-champaign,university of illinois at urbana-champaign,university of illinois at urbana-champaign",university of illinois at urbana-champaign
"U25619,university of west indies st. augustine campus,university of west indies st. augustine campus,university of west indies st. augustine campus,university of west indies st. augustine campus,university of west indies st. augustine campus,birla institute of technology,birla institute of technology,birla institute of technology,birla institute of technology",birla institute of technology
"U2661,shanghai jiao tong university,shanghai jiao tong university,shanghai jiao tong university,shanghai jiao tong university,shanghai jiao tong university,university of west indies st. augustine campus,university of west indies st. augustine campus,university of west indies st. augustine campus,university of west indies st. augustine campus",university of west indies st. augustine campus
"U18916,beijing university of civil engineering and architecture,beijing university of civil engineering and architecture,beijing university of civil engineering and architecture,beijing university of civil engineering and architecture,beijing university of civil engineering and architecture,shanghai jiao tong university,shanghai jiao tong university,shanghai jiao tong university,shanghai jiao tong university",shanghai jiao tong university
"U7349,university of illinois at urbana-champaign,university of illinois at urbana-champaign,university of illinois at urbana-champaign,university of illinois at urbana-champaign,university of illinois at urbana-champaign,beijing university of civil engineering and architecture,beijing university of civil engineering and architecture,beijing university of civil engineering and architecture,beijing university of civil engineering and architecture",beijing university of civil engineering and architecture
"U15919,indian institute of technology bombay,indian institute of technology bombay,indian institute of technology bombay,indian institute of technology bombay,indian institute of technology bombay,university of illinois at urbana-champaign,university of illinois at urbana-champaign,university of illinois at urbana-champaign,university of illinois at urbana-champaign",university of illinois at urbana-champaign
"U11591,university of illinois at urbana-champaign,university of illinois at urbana-champaign,university of illinois at urbana-champaign,university of illinois at urbana-champaign,university of illinois at urbana-champaign,indian institute of technology bombay,indian institute of technology bombay,indian institute of technology bombay,indian institute of technology bombay",indian institute of technology bombay
"U11591,beijing language and culture university,beijing language and culture university,beijing language and culture university,beijing language and culture university,beijing language and culture university,university of illinois at urbana-champaign,university of illinois at urbana-champaign,university of illinois at urbana-champaign,university of illinois at urbana-champaign",university of illinois at urbana-champaign
"U27585,east china normal university software engineering institute,east china normal university software engineering institute,east china normal university software engineering institute,east china normal university software engineering institute,east china normal university software engineering institute,beijing language and culture university,beijing language and culture university,beijing language and culture university,beijing language and culture university",beijing language and culture university
"U3894,shanghai jiao tong university,shanghai jiao tong university,shanghai jiao tong university,shanghai jiao tong university,shanghai jiao tong university,east china normal university software engineering institute,east china normal university software engineering institute,east china normal university software engineering institute,east china normal university software engineering institute",east china normal university software engineering institute
"U16204,peking university,peking university,peking university,peking university,peking university,shanghai jiao tong university,shanghai jiao tong university,shanghai jiao tong university,shanghai jiao tong university",shanghai jiao tong university
"U27704,university of illinois at urbana-champaign,university of illinois at urbana-champaign,university of illinois at urbana-champaign,university of illinois at urbana-champaign,university of illinois at urbana-champaign,peking university,peking university,peking university,peking university",peking university
"U1441,university of delaware,university of delaware,university of delaware,university of delaware,university of delaware,university of illinois at urbana-champaign,university of illinois at urbana-champaign,university of illinois at urbana-champaign,university of illinois at urbana-champaign",university of illinois at urbana-champaign
"U2714,zhejiang university,zhejiang university,zhejiang university,zhejiang university,,university of illinois at urbana-champaign,university of illinois at urbana-champaign,university of delaware,university of delaware",university of delaware
"U9128,university of illinois at urbana-champaign,university of illinois at urbana-champaign,university of illinois at urbana-champaign,university of illinois at urbana-champaign,university of illinois at urbana-champaign,,,,",
"U25641,allegheny college,allegheny college,allegheny college,allegheny college,allegheny college,university of illinois at urbana-champaign,university of illinois at urbana-champaign,university of illinois at urbana-champaign,university of illinois at urbana-champaign",university of illinois at urbana-champaign
"U15334,bangladesh university of engineering and technology (buet),bangladesh university of engineering and technology (buet),bangladesh university of engineering and technology (buet),bangladesh university of engineering and technology (buet),bangladesh university of engineering and technology (buet),allegheny college,allegheny college,allegheny college,allegheny college",allegheny college
"U9667,university of illinois at urbana-champaign,university of illinois at urbana-champaign,university of illinois at urbana-champaign,university of illinois at urbana-champaign,university of illinois at urbana-champaign,bangladesh university of engineering and technology (buet),bangladesh university of engineering and technology (buet),bangladesh university of engineering and technology (buet),bangladesh university of engineering and technology (buet)",bangladesh university of engineering and technology (buet)
"U7379,university of illinois at urbana-champaign,university of illinois at urbana-champaign,university of illinois at urbana-champaign,university of illinois at urbana-champaign,university of illinois at urbana-champaign,university of illinois at urbana-champaign,university of illinois at urbana-champaign,university of illinois at urbana-champaign,university of illinois at urbana-champaign",university of illinois at urbana-champaign
"U15289,bangladesh university of engineering and technology,bangladesh university of engineering and technology,bangladesh university of engineering and technology,bangladesh university of engineering and technology,bangladesh university of engineering and technology,university of illinois at urbana-champaign,university of illinois at urbana-champaign,university of illinois at urbana-champaign,university of illinois at urbana-champaign",university of illinois at urbana-champaign
"U13959,sharif university of technology,sharif university of technology,sharif university of technology,sharif university of technology,sharif university of technology,bangladesh university of engineering and technology,bangladesh university of engineering and technology,bangladesh university of engineering and technology,bangladesh university of engineering and technology",bangladesh university of engineering and technology
"U27742,peking university,peking university,peking university,peking university,peking university,sharif university of technology,sharif university of technology,sharif university of technology,sharif university of technology",sharif university of technology
"U27742,huazhong university of science and technology,huazhong university of science and technology,huazhong university of science and technology,huazhong university of science and technology,huazhong university of science and technology,peking university,peking university,peking university,peking university",peking university
"U7317,university of illinois at urbana-champaign,university of illinois at urbana-champaign,university of illinois at urbana-champaign,university of illinois at urbana-champaign,university of illinois at urbana-champaign,huazhong university of science and technology,huazhong university of science and technology,huazhong university of science and technology,huazhong university of science and technology",huazhong university of science and technology
"U3958,shanghai jiao tong university,shanghai jiao tong university,shanghai jiao tong university,shanghai jiao tong university,shanghai jiao tong university,university of illinois at urbana-champaign,university of illinois at urbana-champaign,university of illinois at urbana-champaign,university of illinois at urbana-champaign",university of illinois at urbana-champaign
"U14117,university of athens,university of athens,university of athens,university of athens,university of athens,shanghai jiao tong university,shanghai jiao tong university,shanghai jiao tong university,shanghai jiao tong university",shanghai jiao tong university
"U24046,fudan university,fudan university,fudan university,fudan university,fudan university,university of illinois at urbana-champaign,university of illinois at urbana-champaign,university of athens,university of athens",university of athens
"U11564,shanghai jiao tong university,shanghai jiao tong university,shanghai jiao tong university,shanghai jiao tong university,shanghai jiao tong university,fudan university,fudan university,fudan university,fudan university",fudan university
"U1238,university of southern maine,university of southern maine,university of southern maine,university of southern maine,university of southern maine,shanghai jiao tong university,shanghai jiao tong university,shanghai jiao tong university,shanghai jiao tong university",shanghai jiao tong university
"U7909,southwestern university,southwestern university,southwestern university,southwestern university,southwestern university,university of southern maine,university of southern maine,university of southern maine,university of southern maine",university of southern maine
"U14125,athens university of economics and business,athens university of economics and business,athens university of economics and business,athens university of economics and business,athens university of economics and business,southwestern university,southwestern university,southwestern university,southwestern university",southwestern university
"U15329,university of engineering and technology rajshahi,university of engineering and technology rajshahi,university of engineering and technology rajshahi,university of engineering and technology rajshahi,university of engineering and technology rajshahi,huazhong university of science and technology,huazhong university of science and technology,athens university of economics and business,athens university of economics and business",athens university of economics and business
"U22030,university of illinois at urbana-champaign,university of illinois at urbana-champaign,university of illinois at urbana-champaign,university of illinois at urbana-champaign,university of illinois at urbana-champaign,university of engineering and technology rajshahi,university of engineering and technology rajshahi,university of engineering and technology rajshahi,university of engineering and technology rajshahi",university of engineering and technology rajshahi
"U24080,peking university,peking university,peking university,peking university,peking university,university of illinois at urbana-champaign,university of illinois at urbana-champaign,university of illinois at urbana-champaign,university of illinois at urbana-champaign",university of illinois at urbana-champaign
"U1045,southern illinois university carbondale,southern illinois university carbondale,southern illinois university carbondale,southern illinois university carbondale,southern illinois university carbondale,peking university,peking university,peking university,peking university",peking university
"U1045,university of philippines,university of philippines,university of philippines,university of philippines,university of philippines,southern illinois university carbondale,southern illinois university carbondale,southern illinois university carbondale,southern illinois university carbondale",southern illinois university carbondale
"U1045,philippine science high school,philippine science high school,philippine science high school,philippine science high school,philippine science high school,university of philippines,university of philippines,university of philippines,university of philippines",university of philippines
"U16132,peking university,peking university,peking university,peking university,peking university,philippine science high school,philippine science high school,philippine science high school,philippine science high school",philippine science high school
"U27618,university of illinois at urbana-champaign,university of illinois at urbana-champaign,university of illinois at urbana-champaign,university of illinois at urbana-champaign,university of illinois at urbana-champaign,peking university,peking university,peking university,peking university",peking university
"U15349,bangladesh university of engineering and technology,bangladesh university of engineering and technology,bangladesh university of engineering and technology,bangladesh university of engineering and technology,bangladesh university of engineering and technology,university of illinois at urbana-champaign,university of illinois at urbana-champaign,university of illinois at urbana-champaign,university of illinois at urbana-champaign",university of illinois at urbana-champaign
"U27661,shanghai jiao tong university,shanghai jiao tong university,shanghai jiao tong university,shanghai jiao tong university,shanghai jiao tong university,bangladesh university of engineering and technology,bangladesh university of engineering and technology,bangladesh university of engineering and technology,bangladesh university of engineering and technology",bangladesh university of engineering and technology
"U22011,university of illinois at urbana-champaign,university of illinois at urbana-champaign,university of illinois at urbana-champaign,university of illinois at urbana-champaign,university of illinois at urbana-champaign,shanghai jiao tong university,shanghai jiao tong university,shanghai jiao tong university,shanghai jiao tong university",shanghai jiao tong university
"U27758,tongji university,tongji university,tongji university,tongji university,tongji university,university of illinois at urbana-champaign,university of illinois at urbana-champaign,university of illinois at urbana-champaign,university of illinois at urbana-champaign",university of illinois at urbana-champaign
"U9130,academy of fine arts in lodz,academy of fine arts in lodz,academy of fine arts in lodz,,academy of fine arts in lodz,tongji university,tongji university,tongji university,tongji university",tongji university
"U16141,beijing university of technology,beijing university of technology,beijing university of technology,beijing university of technology,beijing university of technology,academy of fine arts in lodz,academy of fine arts in lodz,academy of fine arts in lodz,academy of fine arts in lodz",academy of fine arts in lodz
"U9660,university of illinois at urbana-champaign,university of illinois at urbana-champaign,university of illinois at urbana-champaign,university of illinois at urbana-champaign,university of illinois at urbana-champaign,huazhong university of science and technology,huazhong university of science and technology,huazhong university of science and technology,huazhong university of science and technology",beijing university of technology
"U15311,bangladesh university of engineering and technology,bangladesh university of engineering and technology,bangladesh university of engineering and technology,bangladesh university of engineering and technology,bangladesh university of engineering and technology,university of illinois at urbana-champaign,university of illinois at urbana-champaign,university of illinois at urbana-champaign,university of illinois at urbana-champaign",university of illinois at urbana-champaign
"U7092,university of illinois at urbana-champaign,university of illinois at urbana-champaign,university of illinois at urbana-champaign,university of illinois at urbana-champaign,university of illinois at urbana-champaign,bangladesh university of engineering and technology,bangladesh university of engineering and technology,bangladesh university of engineering and technology,bangladesh university of engineering and technology",bangladesh university of engineering and technology
"U22843,chaitanya bharathi institute of technology.,chaitanya bharathi institute of technology.,chaitanya bharathi institute of technology.,chaitanya bharathi institute of technology.,chaitanya bharathi institute of technology.,university of illinois at urbana-champaign,university of illinois at urbana-champaign,university of illinois at urbana-champaign,university of illinois at urbana-champaign",university of illinois at urbana-champaign
"U15944,indian institute of technology kharagpur,indian institute of technology kharagpur,indian institute of technology kharagpur,indian institute of technology kharagpur,indian institute of technology kharagpur,chaitanya bharathi institute of technology.,chaitanya bharathi institute of technology.,chaitanya bharathi institute of technology.,chaitanya bharathi institute of technology.",chaitanya bharathi institute of technology.
"U1259,northern illinois university dekalb il,northern illinois university dekalb il,northern illinois university dekalb il,northern illinois university dekalb il,northern illinois university dekalb il,indian institute of technology kharagpur,indian institute of technology kharagpur,indian institute of technology kharagpur,indian institute of technology kharagpur",indian institute of technology kharagpur
"U10051,university of illinois at urbana-champaign,university of illinois at urbana-champaign,university of illinois at urbana-champaign,university of illinois at urbana-champaign,university of illinois at urbana-champaign,northern illinois university dekalb il,northern illinois university dekalb il,northern illinois university dekalb il,northern illinois university dekalb il",northern illinois university dekalb il
"U19842,university of illinois at urbana-champaign,university of illinois at urbana-champaign,university of illinois at urbana-champaign,university of illinois at urbana-champaign,university of illinois at urbana-champaign,university of illinois at urbana-champaign,university of illinois at urbana-champaign,university of illinois at urbana-champaign,university of illinois at urbana-champaign",university of illinois at urbana-champaign
"U4634,punjab engineering college,punjab engineering college,punjab engineering college,punjab engineering college,punjab engineering college,university of illinois at urbana-champaign,university of illinois at urbana-champaign,university of illinois at urbana-champaign,university of illinois at urbana-champaign",university of illinois at urbana-champaign
"U1220,bates college,bates college,bates college,bates college,bates college,punjab engineering college,punjab engineering college,punjab engineering college,punjab engineering college",punjab engineering college
"U14068,university of illinois at urbana-champaign,university of illinois at urbana-champaign,university of illinois at urbana-champaign,university of illinois at urbana-champaign,university of illinois at urbana-champaign,bates college,bates college,bates college,bates college",bates college
"U14068,athens university of economics and business,athens university of economics and business,athens university of economics and business,athens university of economics and business,athens university of economics and business,university of illinois at urbana-champaign,university of illinois at urbana-champaign,university of illinois at urbana-champaign,university of illinois at urbana-champaign",university of illinois at urbana-champaign
"U16127,university of illinois at urbana-champaign,university of illinois at urbana-champaign,university of illinois at urbana-champaign,university of illinois at urbana-champaign,university of illinois at urbana-champaign,huazhong university of science and technology,huazhong university of science and technology,athens university of economics and business,athens university of economics and business",athens university of economics and business
"U1068,rider university,rider university,rider university,rider university,rider university,university of illinois at urbana-champaign,university of illinois at urbana-champaign,university of illinois at urbana-champaign,university of illinois at urbana-champaign",university of illinois at urbana-champaign
"U1068,university of richmond,university of richmond,university of richmond,university of richmond,university of richmond,rider university,rider university,rider university,rider university",rider university
"U27691,national taiwan normal university,national taiwan normal university,national taiwan normal university,national taiwan normal university,national taiwan normal university,university of richmond,university of richmond,university of richmond,university of richmond",university of richmond
"U4638,zhejiang university,zhejiang university,zhejiang university,zhejiang university,,national taiwan normal university,national taiwan normal university,national taiwan normal university,national taiwan normal university",national taiwan normal university
"U7294,university of illinois at urbana-champaign,university of illinois at urbana-champaign,university of illinois at urbana-champaign,university of illinois at urbana-champaign,university of illinois at urbana-champaign,,,,",
"U7295,university of illinois at urbana-champaign,university of illinois at urbana-champaign,university of illinois at urbana-champaign,university of illinois at urbana-champaign,university of illinois at urbana-champaign,university of illinois at urbana-champaign,university of illinois at urbana-champaign,university of illinois at urbana-champaign,university of illinois at urbana-champaign",university of illinois at urbana-champaign
"U24062,tsinghua university,tsinghua university,tsinghua university,tsinghua university,tsinghua university,university of illinois at urbana-champaign,university of illinois at urbana-champaign,university of illinois at urbana-champaign,university of illinois at urbana-champaign",university of illinois at urbana-champaign
"U7338,university of illinois at urbana-champaign,university of illinois at urbana-champaign,university of illinois at urbana-champaign,university of illinois at urbana-champaign,university of illinois at urbana-champaign,tsinghua university,tsinghua university,tsinghua university,tsinghua university",tsinghua university
"U1252,wellesley college,wellesley college,wellesley college,wellesley college,wellesley college,university of illinois at urbana-champaign,university of illinois at urbana-champaign,university of illinois at urbana-champaign,university of illinois at urbana-champaign",university of illinois at urbana-champaign
"U27636,shanghai jiao tong university,shanghai jiao tong university,shanghai jiao tong university,shanghai jiao tong university,shanghai jiao tong university,wellesley college,wellesley college,wellesley college,wellesley college",wellesley college
"U15168,university of illinois at urbana-champaign,university of illinois at urbana-champaign,university of illinois at urbana-champaign,university of illinois at urbana-champaign,university of illinois at urbana-champaign,shanghai jiao tong university,shanghai jiao tong university,shanghai jiao tong university,shanghai jiao tong university",shanghai jiao tong university
"U14665,beihang university,beihang university,beihang university,beihang university,beihang university,university of illinois at urbana-champaign,university of illinois at urbana-champaign,university of illinois at urbana-champaign,university of illinois at urbana-champaign",university of illinois at urbana-champaign
"U1147,trinity college-hartford,trinity college-hartford,trinity college-hartford,trinity college-hartford,trinity college-hartford,beihang university,beihang university,beihang university,beihang university",beihang university
"U24117,tsinghua university,tsinghua university,tsinghua university,tsinghua university,tsinghua university,trinity college-hartford,trinity college-hartford,trinity college-hartford,trinity college-hartford",trinity college-hartford
"U8699,indian institute of technology madras,indian institute of technology madras,indian institute of technology madras,indian institute of technology madras,indian institute of technology madras,tsinghua university,tsinghua university,tsinghua university,tsinghua university",tsinghua university
"U27617,university of illinois at urbana-champaign,university of illinois at urbana-champaign,university of illinois at urbana-champaign,university of illinois at urbana-champaign,university of illinois at urbana-champaign,indian institute of technology madras,indian institute of technology madras,indian institute of technology madras,indian institute of technology madras",indian institute of technology madras
"U22088,macmurray college,macmurray college,macmurray college,macmurray college,macmurray college,university of illinois at urbana-champaign,university of illinois at urbana-champaign,university of illinois at urbana-champaign,university of illinois at urbana-champaign",university of illinois at urbana-champaign
"U22072,university of illinois at urbana-champaign,university of illinois at urbana-champaign,university of illinois at urbana-champaign,university of illinois at urbana-champaign,university of illinois at urbana-champaign,macmurray college,macmurray college,macmurray college,macmurray college",macmurray college
"U18983,renmin university of china,renmin university of china,renmin university of china,renmin university of china,renmin university of china,university of illinois at urbana-champaign,university of illinois at urbana-champaign,university of illinois at urbana-champaign,university of illinois at urbana-champaign",university of illinois at urbana-champaign
"U8900,berean school of bible springfield illinois,berean school of bible springfield illinois,berean school of bible springfield illinois,berean school of bible springfield illinois,berean school of bible springfield illinois,renmin university of china,renmin university of china,renmin university of china,renmin university of china",renmin university of china
"U7117,university of illinois at urbana-champaign,university of illinois at urbana-champaign,university of illinois at urbana-champaign,university of illinois at urbana-champaign,university of illinois at urbana-champaign,berean school of bible springfield illinois,berean school of bible springfield illinois,berean school of bible springfield illinois,berean school of bible springfield illinois",berean school of bible springfield illinois
"U13968,north central college,north central college,north central college,north central college,north central college,university of illinois at urbana-champaign,university of illinois at urbana-champaign,university of illinois at urbana-champaign,university of illinois at urbana-champaign",university of illinois at urbana-champaign
"U21998,university of illinois at chicago,university of illinois at chicago,university of illinois at chicago,university of illinois at chicago,university of illinois at chicago,north central college,north central college,north central college,north central college",north central college
"U2746,beijing institute of technology,beijing institute of technology,beijing institute of technology,beijing institute of technology,beijing institute of technology,university of illinois at urbana-champaign,university of illinois at urbana-champaign,university of illinois at urbana-champaign,university of illinois at urbana-champaign",university of illinois at chicago
"U15299,bangladesh university of engineering and technology,bangladesh university of engineering and technology,bangladesh university of engineering and technology,bangladesh university of engineering and technology,bangladesh university of engineering and technology,beijing institute of technology,beijing institute of technology,beijing institute of technology,beijing institute of technology",beijing institute of technology
"U27541,shanghai jiaotong university,shanghai jiaotong university,shanghai jiaotong university,shanghai jiaotong university,shanghai jiaotong university,bangladesh university of engineering and technology,bangladesh university of engineering and technology,bangladesh university of engineering and technology,bangladesh university of engineering and technology",bangladesh university of engineering and technology
"U27648,tongji university,tongji university,tongji university,tongji university,tongji university,shanghai jiaotong university,shanghai jiaotong university,shanghai jiaotong university,shanghai jiaotong university",shanghai jiaotong university
"U9655,university of illinois at urbana-champaign,university of illinois at urbana-champaign,university of illinois at urbana-champaign,university of illinois at urbana-champaign,university of illinois at urbana-champaign,tongji university,tongji university,tongji university,tongji university",tongji university
"U22019,indiana university bloomington,indiana university bloomington,indiana university bloomington,indiana university bloomington,indiana university bloomington,university of illinois at urbana-champaign,university of illinois at urbana-champaign,university of illinois at urbana-champaign,university of illinois at urbana-champaign",university of illinois at urbana-champaign
"U9680,university of illinois at urbana-champaign,university of illinois at urbana-champaign,university of illinois at urbana-champaign,university of illinois at urbana-champaign,university of illinois at urbana-champaign,indiana university bloomington,indiana university bloomington,indiana university bloomington,indiana university bloomington",indiana university bloomington
"U24113,stanford university,stanford university,stanford university,stanford university,stanford university,university of illinois at urbana-champaign,university of illinois at urbana-champaign,university of illinois at urbana-champaign,university of illinois at urbana-champaign",university of illinois at urbana-champaign
"U3909,tongji university,tongji university,tongji university,tongji university,tongji university,stanford university,stanford university,stanford university,stanford university",stanford university
"U9657,university of illinois at urbana-champaign,university of illinois at urbana-champaign,university of illinois at urbana-champaign,university of illinois at urbana-champaign,university of illinois at urbana-champaign,tongji university,tongji university,tongji university,tongji university",tongji university
"U1282,can tho university vietnam,can tho university vietnam,can tho university vietnam,can tho university vietnam,can tho university vietnam,university of illinois at urbana-champaign,university of illinois at urbana-champaign,university of illinois at urbana-champaign,university of illinois at urbana-champaign",university of illinois at urbana-champaign
"U8909,nebraska wesleyan university,nebraska wesleyan university,nebraska wesleyan university,nebraska wesleyan university,nebraska wesleyan university,can tho university vietnam,can tho university vietnam,can tho university vietnam,can tho university vietnam",can tho university vietnam
"U13961,sharif university of technology,sharif university of technology,sharif university of technology,sharif university of technology,sharif university of technology,nebraska wesleyan university,nebraska wesleyan university,nebraska wesleyan university,nebraska wesleyan university",nebraska wesleyan university
"U24177,isfahan university of technology,isfahan university of technology,isfahan university of technology,isfahan university of technology,isfahan university of technology,sharif university of technology,sharif university of technology,sharif university of technology,sharif university of technology",sharif university of technology
"U15333,university of illinois at urbana-champaign,university of illinois at urbana-champaign,university of illinois at urbana-champaign,university of illinois at urbana-champaign,university of illinois at urbana-champaign,isfahan university of technology,isfahan university of technology,isfahan university of technology,isfahan university of technology",isfahan university of technology
"U15932,indian institute of technology bombay,indian institute of technology bombay,indian institute of technology bombay,indian institute of technology bombay,indian institute of technology bombay,university of illinois at urbana-champaign,university of illinois at urbana-champaign,university of illinois at urbana-champaign,university of illinois at urbana-champaign",university of illinois at urbana-champaign
"U24247,skidmore college,skidmore college,skidmore college,skidmore college,skidmore college,indian institute of technology bombay,indian institute of technology bombay,indian institute of technology bombay,indian institute of technology bombay",indian institute of technology bombay
"U27763,zhejiang university,zhejiang university,zhejiang university,zhejiang university,,skidmore college,skidmore college,skidmore college,skidmore college",skidmore college
"U27494,shanghai jiao tong university,shanghai jiao tong university,shanghai jiao tong university,shanghai jiao tong university,shanghai jiao tong university,,,,",
"U7253,university of illinois at urbana-champaign,university of illinois at urbana-champaign,university of illinois at urbana-champaign,university of illinois at urbana-champaign,university of illinois at urbana-champaign,shanghai jiao tong university,shanghai jiao tong university,shanghai jiao tong university,shanghai jiao tong university",shanghai jiao tong university
"U14136,university of illinois at urbana-champaign,university of illinois at urbana-champaign,university of illinois at urbana-champaign,university of illinois at urbana-champaign,university of illinois at urbana-champaign,university of illinois at urbana-champaign,university of illinois at urbana-champaign,university of illinois at urbana-champaign,university of illinois at urbana-champaign",university of illinois at urbana-champaign
"U8721,national institute of technology tiruchirappalli,national institute of technology tiruchirappalli,national institute of technology tiruchirappalli,national institute of technology tiruchirappalli,national institute of technology tiruchirappalli,university of illinois at urbana-champaign,university of illinois at urbana-champaign,university of illinois at urbana-champaign,university of illinois at urbana-champaign",university of illinois at urbana-champaign
"U27707,tsinghua university,tsinghua university,tsinghua university,tsinghua university,tsinghua university,national institute of technology tiruchirappalli,national institute of technology tiruchirappalli,national institute of technology tiruchirappalli,national institute of technology tiruchirappalli",national institute of technology tiruchirappalli
"U24158,university of isfahan,university of isfahan,university of isfahan,university of isfahan,university of isfahan,tsinghua university,tsinghua university,tsinghua university,tsinghua university",tsinghua university
"U27542,shanghai jiao tong university,shanghai jiao tong university,shanghai jiao tong university,shanghai jiao tong university,shanghai jiao tong university,university of isfahan,university of isfahan,university of isfahan,university of isfahan",university of isfahan
"U24173,esfahan university,esfahan university,esfahan university,esfahan university,esfahan university,shanghai jiao tong university,shanghai jiao tong university,shanghai jiao tong university,shanghai jiao tong university",shanghai jiao tong university
"U27332,university of illinois at urbana-champaign,university of illinois at urbana-champaign,university of illinois at urbana-champaign,university of illinois at urbana-champaign,university of illinois at urbana-champaign,esfahan university,esfahan university,esfahan university,esfahan university",esfahan university
"U7283,university of illinois at urbana,university of illinois at urbana,university of illinois at urbana,university of illinois at urbana,university of illinois at urbana,university of illinois at urbana-champaign,university of illinois at urbana-champaign,university of illinois at urbana-champaign,university of illinois at urbana-champaign",university of illinois at urbana-champaign
"U15307,bangladesh university of engineering and technology,bangladesh university of engineering and technology,bangladesh university of engineering and technology,bangladesh university of engineering and technology,bangladesh university of engineering and technology,university of illinois at urbana-champaign,university of illinois at urbana-champaign,university of illinois at urbana-champaign,university of illinois at urbana-champaign",university of illinois at urbana
"U16153,peking university,peking university,peking university,peking university,peking university,bangladesh university of engineering and technology,bangladesh university of engineering and technology,bangladesh university of engineering and technology,bangladesh university of engineering and technology",bangladesh university of engineering and technology
"U11563,tsinghua university,tsinghua university,tsinghua university,tsinghua university,tsinghua university,peking university,peking university,peking university,peking university",peking university
"U24184,university of illinois at urbana-champaign,university of illinois at urbana-champaign,university of illinois at urbana-champaign,university of illinois at urbana-champaign,university of illinois at urbana-champaign,tsinghua university,tsinghua university,tsinghua university,tsinghua university",tsinghua university
"U14131,university of new south wales,university of new south wales,university of new south wales,university of new south wales,university of new south wales,university of illinois at urbana-champaign,university of illinois at urbana-champaign,university of illinois at urbana-champaign,university of illinois at urbana-champaign",university of illinois at urbana-champaign
"U19831,university of illinois at urbana-champaign,university of illinois at urbana-champaign,university of illinois at urbana-champaign,university of illinois at urbana-champaign,university of illinois at urbana-champaign,university of new south wales,university of new south wales,university of new south wales,university of new south wales",university of new south wales
"U7109,university of illinois at urbana-champaign,university of illinois at urbana-champaign,university of illinois at urbana-champaign,university of illinois at urbana-champaign,university of illinois at urbana-champaign,university of illinois at urbana-champaign,university of illinois at urbana-champaign,university of illinois at urbana-champaign,university of illinois at urbana-champaign",university of illinois at urbana-champaign
"U7109,shanghai american school,shanghai american school,shanghai american school,shanghai american school,shanghai american school,university of illinois at urbana-champaign,university of illinois at urbana-champaign,university of illinois at urbana-champaign,university of illinois at urbana-champaign",university of illinois at urbana-champaign
"U2663,zhejiang university,zhejiang university,zhejiang university,zhejiang university,,shanghai american school,shanghai american school,shanghai american school,shanghai american school",shanghai american school
"U5976,illinois wesleyan university,illinois wesleyan university,illinois wesleyan university,illinois wesleyan university,illinois wesleyan university,,,,",
"U3989,shanghai jiao tong university,shanghai jiao tong university,shanghai jiao tong university,shanghai jiao tong university,shanghai jiao tong university,university of illinois at urbana-champaign,university of illinois at urbana-champaign,illinois wesleyan university,university of illinois at urbana-champaign",illinois wesleyan university
"U15949,indian institute of technology bombay,indian institute of technology bombay,indian institute of technology bombay,indian institute of technology bombay,indian institute of technology bombay,shanghai jiao tong university,shanghai jiao tong university,shanghai jiao tong university,shanghai jiao tong university",shanghai jiao tong university
"U9689,university of illinois at urbana-champaign,university of illinois at urbana-champaign,university of illinois at urbana-champaign,university of illinois at urbana-champaign,university of illinois at urbana-champaign,indian institute of technology bombay,indian institute of technology bombay,indian institute of technology bombay,indian institute of technology bombay",indian institute of technology bombay
"U2209,illinois state university,illinois state university,illinois state university,illinois state university,illinois state university,university of illinois at urbana-champaign,university of illinois at urbana-champaign,university of illinois at urbana-champaign,university of illinois at urbana-champaign",university of illinois at urbana-champaign
"U24084,tsinghua university,tsinghua university,tsinghua university,tsinghua university,tsinghua university,university of illinois at urbana-champaign,university of illinois at urbana-champaign,illinois state university,university of illinois at urbana-champaign",illinois state university
"U18928,national taiwan university of science and technology,national taiwan university of science and technology,national taiwan university of science and technology,national taiwan university of science and technology,national taiwan university of science and technology,tsinghua university,tsinghua university,tsinghua university,tsinghua university",tsinghua university
"U8100,ohio state university,ohio state university,ohio state university,ohio state university,ohio state university,national taiwan university of science and technology,national taiwan university of science and technology,national taiwan university of science and technology,national taiwan university of science and technology",national taiwan university of science and technology
"U1055,sungkyunkwan university,sungkyunkwan university,sungkyunkwan university,sungkyunkwan university,sungkyunkwan university,ohio state university,ohio state university,ohio state university,ohio state university",ohio state university
"U2649,shanghai university of finance and economics,shanghai university of finance and economics,shanghai university of finance and economics,shanghai university of finance and economics,shanghai university of finance and economics,sungkyunkwan university,sungkyunkwan university,sungkyunkwan university,sungkyunkwan university",sungkyunkwan university
"U4568,shanghai jiao tong university,shanghai jiao tong university,shanghai jiao tong university,shanghai jiao tong university,shanghai jiao tong university,shanghai university of finance and economics,shanghai university of finance and economics,shanghai university of finance and economics,shanghai university of finance and economics",shanghai university of finance and economics
"U22074,university of illinois springfield,university of illinois springfield,university of illinois springfield,university of illinois springfield,university of illinois springfield,shanghai jiao tong university,shanghai jiao tong university,shanghai jiao tong university,shanghai jiao tong university",shanghai jiao tong university
"U22045,university of illinois at urbana-champaign,university of illinois at urbana-champaign,university of illinois at urbana-champaign,university of illinois at urbana-champaign,university of illinois at urbana-champaign,university of illinois springfield,university of illinois springfield,university of illinois springfield,university of illinois springfield",university of illinois springfield
"U7373,university of illinois at urbana-champaign,university of illinois at urbana-champaign,university of illinois at urbana-champaign,university of illinois at urbana-champaign,university of illinois at urbana-champaign,university of illinois at urbana-champaign,university of illinois at urbana-champaign,university of illinois at urbana-champaign,university of illinois at urbana-champaign",university of illinois at urbana-champaign
"U18555,university of florida,university of florida,university of florida,university of florida,university of florida,university of illinois at urbana-champaign,university of illinois at urbana-champaign,university of illinois at urbana-champaign,university of illinois at urbana-champaign",university of illinois at urbana-champaign
"U14498,northern illinois university,northern illinois university,northern illinois university,northern illinois university,northern illinois university,university of illinois at urbana-champaign,university of illinois at urbana-champaign,university of florida,university of florida",university of florida
"U4457,tsinghua university,tsinghua university,tsinghua university,tsinghua university,tsinghua university,university of illinois at urbana-champaign,university of illinois at urbana-champaign,northern illinois university,university of illinois at urbana-champaign",northern illinois university
"U6000,illinois state university,illinois state university,illinois state university,illinois state university,illinois state university,tsinghua university,tsinghua university,tsinghua university,tsinghua university",tsinghua university
"U1175,gustavus adolphus college,gustavus adolphus college,gustavus adolphus college,gustavus adolphus college,gustavus adolphus college,university of illinois at urbana-champaign,university of illinois at urbana-champaign,illinois state university,university of illinois at urbana-champaign",illinois state university
"U14531,lincoln christian university,lincoln christian university,lincoln christian university,lincoln christian university,lincoln christian university,gustavus adolphus college,gustavus adolphus college,gustavus adolphus college,gustavus adolphus college",gustavus adolphus college
"U8098,purdue university,purdue university,purdue university,purdue university,purdue university,lincoln christian university,lincoln christian university,lincoln christian university,lincoln christian university",lincoln christian university
"U27289,university of illinois at urbana-champaign - college of business,university of illinois at urbana-champaign - college of business,university of illinois at urbana-champaign - college of business,university of illinois at urbana-champaign - college of business,university of illinois at urbana-champaign - college of business,purdue university,purdue university,purdue university,purdue university",purdue university
"U9126,illinois state university,illinois state university,illinois state university,illinois state university,illinois state university,university of illinois at urbana-champaign - college of business,university of illinois at urbana-champaign - college of business,university of illinois at urbana-champaign - college of business,university of illinois at urbana-champaign - college of business",university of illinois at urbana-champaign - college of business
"U13988,sharif university of technology,sharif university of technology,sharif university of technology,sharif university of technology,sharif university of technology,university of illinois at urbana-champaign,university of illinois at urbana-champaign,illinois state university,university of illinois at urbana-champaign",illinois state university
"U14547,baylor university,baylor university,baylor university,baylor university,baylor university,sharif university of technology,sharif university of technology,sharif university of technology,sharif university of technology",sharif university of technology
"U15321,bangladesh university of engineering and technology,bangladesh university of engineering and technology,bangladesh university of engineering and technology,bangladesh university of engineering and technology,bangladesh university of engineering and technology,baylor university,baylor university,baylor university,baylor university",baylor university
"U27475,university of texas at austin,university of texas at austin,university of texas at austin,university of texas at austin,university of texas at austin,bangladesh university of engineering and technology,bangladesh university of engineering and technology,bangladesh university of engineering and technology,bangladesh university of engineering and technology",bangladesh university of engineering and technology
"U22003,university of illinois at urbana-champaign,university of illinois at urbana-champaign,university of illinois at urbana-champaign,university of illinois at urbana-champaign,university of illinois at urbana-champaign,university of texas at austin,university of texas at austin,university of texas at austin,university of texas at austin",university of texas at austin
"U7151,university of illinois at urbana-champaign,university of illinois at urbana-champaign,university of illinois at urbana-champaign,university of illinois at urbana-champaign,university of illinois at urbana-champaign,university of illinois at urbana-champaign,university of illinois at urbana-champaign,university of illinois at urbana-champaign,university of illinois at urbana-champaign",university of illinois at urbana-champaign
"U22017,university of illinois,university of illinois,university of illinois,university of illinois,university of illinois,university of illinois at urbana-champaign,university of illinois at urbana-champaign,university of illinois at urbana-champaign,university of illinois at urbana-champaign",university of illinois at urbana-champaign
"U13032,university of illinois at urbana-champaign,university of illinois at urbana-champaign,university of illinois at urbana-champaign,university of illinois at urbana-champaign,university of illinois at urbana-champaign,university of illinois at urbana-champaign,university of illinois at urbana-champaign,university of illinois at urbana-champaign,university of illinois at urbana-champaign",university of illinois
"U1104,universiti teknologi malaysia,universiti teknologi malaysia,universiti teknologi malaysia,universiti teknologi malaysia,universiti teknologi malaysia,university of illinois at urbana-champaign,university of illinois at urbana-champaign,university of illinois at urbana-champaign,university of illinois at urbana-champaign",university of illinois at urbana-champaign
"U7272,university of washington,university of washington,university of washington,university of washington,university of washington,universiti teknologi malaysia,universiti teknologi malaysia,universiti teknologi malaysia,universiti teknologi malaysia",universiti teknologi malaysia
"U25605,hesser college,hesser college,hesser college,hesser college,hesser college,university of washington,university of washington,university of washington,university of washington",university of washington
"U27608,tsinghua university,tsinghua university,tsinghua university,tsinghua university,tsinghua university,hesser college,hesser college,hesser college,hesser college",hesser college
"U24550,georgia state university,georgia state university,georgia state university,georgia state university,georgia state university,tsinghua university,tsinghua university,tsinghua university,tsinghua university",tsinghua university
"U4485,university of illinois at urbana-champaign,university of illinois at urbana-champaign,university of illinois at urbana-champaign,university of illinois at urbana-champaign,university of illinois at urbana-champaign,georgia state university,georgia state university,georgia state university,georgia state university",georgia state university
"U4485,beijing normal university,beijing normal university,beijing normal university,beijing normal university,beijing normal university,university of illinois at urbana-champaign,university of illinois at urbana-champaign,university of illinois at urbana-champaign,university of illinois at urbana-champaign",university of illinois at urbana-champaign
"U6011,ouachita baptist university,ouachita baptist university,ouachita baptist university,ouachita baptist university,ouachita baptist university,beijing normal university,beijing normal university,beijing normal university,beijing normal university",beijing normal university
"U9141,depaul university,depaul university,depaul university,depaul university,depaul university,ouachita baptist university,ouachita baptist university,ouachita baptist university,ouachita baptist university",ouachita baptist university
"U14080,indian institute of technology roorkee,indian institute of technology roorkee,indian institute of technology roorkee,indian institute of technology roorkee,indian institute of technology roorkee,depaul university,depaul university,depaul university,depaul university",depaul university
"U8036,millersville university of pennsylvania,millersville university of pennsylvania,millersville university of pennsylvania,millersville university of pennsylvania,millersville university of pennsylvania,indian institute of technology roorkee,indian institute of technology roorkee,indian institute of technology roorkee,indian institute of technology roorkee",indian institute of technology roorkee
"U27456,shanghai jiao tong university,shanghai jiao tong university,shanghai jiao tong university,shanghai jiao tong university,shanghai jiao tong university,millersville university of pennsylvania,millersville university of pennsylvania,millersville university of pennsylvania,millersville university of pennsylvania",millersville university of pennsylvania
"U2140,university of illinois at urbana-champaign,university of illinois at urbana-champaign,university of illinois at urbana-champaign,university of illinois at urbana-champaign,university of illinois at urbana-champaign,shanghai jiao tong university,shanghai jiao tong university,shanghai jiao tong university,shanghai jiao tong university",shanghai jiao tong university
"U4542,tsinghua university,tsinghua university,tsinghua university,tsinghua university,tsinghua university,university of illinois at urbana-champaign,university of illinois at urbana-champaign,university of illinois at urbana-champaign,university of illinois at urbana-champaign",university of illinois at urbana-champaign
"U7096,delhi university,delhi university,delhi university,delhi university,delhi university,tsinghua university,tsinghua university,tsinghua university,tsinghua university",tsinghua university
"U7035,university of illinois at urbana-champaign,university of illinois at urbana-champaign,university of illinois at urbana-champaign,university of illinois at urbana-champaign,university of illinois at urbana-champaign,delhi university,delhi university,delhi university,delhi university",delhi university
"U9149,whitworth college,whitworth college,whitworth college,whitworth college,whitworth college,university of illinois at urbana-champaign,university of illinois at urbana-champaign,university of illinois at urbana-champaign,university of illinois at urbana-champaign",university of illinois at urbana-champaign
"U22771,birla institute of technology and science,birla institute of technology and science,birla institute of technology and science,birla institute of technology and science,birla institute of technology and science,whitworth college,whitworth college,whitworth college,whitworth college",whitworth college
"U15994,johns hopkins university,johns hopkins university,johns hopkins university,johns hopkins university,johns hopkins university,huazhong university of science and technology,huazhong university of science and technology,huazhong university of science and technology,huazhong university of science and technology",birla institute of technology and science
"U18570,university of florida,university of florida,university of florida,university of florida,university of florida,johns hopkins university,johns hopkins university,johns hopkins university,johns hopkins university",johns hopkins university
"U15341,bangladesh university of engineering and technology,bangladesh university of engineering and technology,bangladesh university of engineering and technology,bangladesh university of engineering and technology,bangladesh university of engineering and technology,university of illinois at urbana-champaign,university of illinois at urbana-champaign,university of florida,university of florida",university of florida
"U8795,amirkabir university of technology - tehran polytechnic,amirkabir university of technology - tehran polytechnic,amirkabir university of technology - tehran polytechnic,amirkabir university of technology - tehran polytechnic,amirkabir university of technology - tehran polytechnic,bangladesh university of engineering and technology,bangladesh university of engineering and technology,bangladesh university of engineering and technology,bangladesh university of engineering and technology",bangladesh university of engineering and technology
"U16137,beijing normal university,beijing normal university,beijing normal university,beijing normal university,beijing normal university,amirkabir university of technology - tehran polytechnic,amirkabir university of technology - tehran polytechnic,amirkabir university of technology - tehran polytechnic,amirkabir university of technology - tehran polytechnic",amirkabir university of technology - tehran polytechnic
"U22861,birla institute of technology and science,birla institute of technology and science,birla institute of technology and science,birla institute of technology and science,birla institute of technology and science,beijing normal university,beijing normal university,beijing normal university,beijing normal university",beijing normal university
"U7315,university of illinois at urbana-champaign,university of illinois at urbana-champaign,university of illinois at urbana-champaign,university of illinois at urbana-champaign,university of illinois at urbana-champaign,huazhong university of science and technology,huazhong university of science and technology,huazhong university of science and technology,huazhong university of science and technology",birla institute of technology and science
"U7213,university of illinois at urbana-champaign,university of illinois at urbana-champaign,university of illinois at urbana-champaign,university of illinois at urbana-champaign,university of illinois at urbana-champaign,university of illinois at urbana-champaign,university of illinois at urbana-champaign,university of illinois at urbana-champaign,university of illinois at urbana-champaign",university of illinois at urbana-champaign
"U14150,university of illinois at urbana-champaign,university of illinois at urbana-champaign,university of illinois at urbana-champaign,university of illinois at urbana-champaign,university of illinois at urbana-champaign,university of illinois at urbana-champaign,university of illinois at urbana-champaign,university of illinois at urbana-champaign,university of illinois at urbana-champaign",university of illinois at urbana-champaign
"U7281,manipal institute of technology,manipal institute of technology,manipal institute of technology,manipal institute of technology,manipal institute of technology,university of illinois at urbana-champaign,university of illinois at urbana-champaign,university of illinois at urbana-champaign,university of illinois at urbana-champaign",university of illinois at urbana-champaign
"U14500,university of illinois at urbana-champaign,university of illinois at urbana-champaign,university of illinois at urbana-champaign,university of illinois at urbana-champaign,university of illinois at urbana-champaign,manipal institute of technology,manipal institute of technology,manipal institute of technology,manipal institute of technology",manipal institute of technology
"U8741,university of california irvine,university of california irvine,university of california irvine,university of california irvine,university of california irvine,university of illinois at urbana-champaign,university of illinois at urbana-champaign,university of illinois at urbana-champaign,university of illinois at urbana-champaign",university of illinois at urbana-champaign
"U15917,indian institute of technology bombay,indian institute of technology bombay,indian institute of technology bombay,indian institute of technology bombay,indian institute of technology bombay,university of california irvine,university of california irvine,university of california irvine,university of california irvine",university of california irvine
"U3919,fudan university,fudan university,fudan university,fudan university,fudan university,indian institute of technology bombay,indian institute of technology bombay,indian institute of technology bombay,indian institute of technology bombay",indian institute of technology bombay
"U8768,bangladesh university of engineering and technology,bangladesh university of engineering and technology,bangladesh university of engineering and technology,bangladesh university of engineering and technology,bangladesh university of engineering and technology,fudan university,fudan university,fudan university,fudan university",fudan university
"U24183,qazvin azad university,qazvin azad university,qazvin azad university,qazvin azad university,qazvin azad university,bangladesh university of engineering and technology,bangladesh university of engineering and technology,bangladesh university of engineering and technology,bangladesh university of engineering and technology",bangladesh university of engineering and technology
"U18524,universidad complutense de madrid,universidad complutense de madrid,universidad complutense de madrid,universidad complutense de madrid,universidad complutense de madrid,qazvin azad university,qazvin azad university,qazvin azad university,qazvin azad university",qazvin azad university
"U7141,university of illinois at urbana-champaign,university of illinois at urbana-champaign,university of illinois at urbana-champaign,university of illinois at urbana-champaign,university of illinois at urbana-champaign,universidad complutense de madrid,universidad complutense de madrid,universidad complutense de madrid,universidad complutense de madrid",universidad complutense de madrid
"U16091,peking university,peking university,peking university,peking university,peking university,university of illinois at urbana-champaign,university of illinois at urbana-champaign,university of illinois at urbana-champaign,university of illinois at urbana-champaign",university of illinois at urbana-champaign
"U15968,indian institute of technology bombay,indian institute of technology bombay,indian institute of technology bombay,indian institute of technology bombay,indian institute of technology bombay,peking university,peking university,peking university,peking university",peking university
"U15935,harvard business school,harvard business school,harvard business school,harvard business school,harvard business school,indian institute of technology bombay,indian institute of technology bombay,indian institute of technology bombay,indian institute of technology bombay",indian institute of technology bombay
"U15935,indian institute of technology bombay,indian institute of technology bombay,indian institute of technology bombay,indian institute of technology bombay,indian institute of technology bombay,harvard business school,harvard business school,harvard business school,harvard business school",harvard business school
"U19874,university of illinois at urbana-champaign,university of illinois at urbana-champaign,university of illinois at urbana-champaign,university of illinois at urbana-champaign,university of illinois at urbana-champaign,indian institute of technology bombay,indian institute of technology bombay,indian institute of technology bombay,indian institute of technology bombay",indian institute of technology bombay
"U4606,tsinghua university,tsinghua university,tsinghua university,tsinghua university,tsinghua university,university of illinois at urbana-champaign,university of illinois at urbana-champaign,university of illinois at urbana-champaign,university of illinois at urbana-champaign",university of illinois at urbana-champaign
"U21969,university of illinois at urbana-champaign,university of illinois at urbana-champaign,university of illinois at urbana-champaign,university of illinois at urbana-champaign,university of illinois at urbana-champaign,tsinghua university,tsinghua university,tsinghua university,tsinghua university",tsinghua university
"U4005,shanghai jiao tong university,shanghai jiao tong university,shanghai jiao tong university,shanghai jiao tong university,shanghai jiao tong university,university of illinois at urbana-champaign,university of illinois at urbana-champaign,university of illinois at urbana-champaign,university of illinois at urbana-champaign",university of illinois at urbana-champaign
"U14123,university of illinois - urbana champaign,university of illinois - urbana champaign,university of illinois - urbana champaign,university of illinois - urbana champaign,university of illinois - urbana champaign,shanghai jiao tong university,shanghai jiao tong university,shanghai jiao tong university,shanghai jiao tong university",shanghai jiao tong university
"U14101,university of illinois at urbana-champaign,university of illinois at urbana-champaign,university of illinois at urbana-champaign,university of illinois at urbana-champaign,university of illinois at urbana-champaign,university of illinois at urbana-champaign,university of illinois at urbana-champaign,university of illinois at urbana-champaign,university of illinois at urbana-champaign",university of illinois at urbana-champaign
"U4489,central michigan university,central michigan university,central michigan university,central michigan university,central michigan university,university of illinois at urbana-champaign,university of illinois at urbana-champaign,university of illinois at urbana-champaign,university of illinois at urbana-champaign",university of illinois at urbana-champaign
"U7377,texas a&amp;m university,texas a&amp;m university,texas a&amp;m university,texas a&amp;m university,texas a&amp;m university,central michigan university,central michigan university,central michigan university,central michigan university",central michigan university
"U13981,sharif university of technology,sharif university of technology,sharif university of technology,sharif university of technology,sharif university of technology,texas a&amp;m university,texas a&amp;m university,texas a&amp;m university,texas a&amp;m university",texas a&amp;m university
"U9711,university of illinois at urbana-champaign,university of illinois at urbana-champaign,university of illinois at urbana-champaign,university of illinois at urbana-champaign,university of illinois at urbana-champaign,sharif university of technology,sharif university of technology,sharif university of technology,sharif university of technology",sharif university of technology
"U22753,birla institute of technology and science,birla institute of technology and science,birla institute of technology and science,birla institute of technology and science,birla institute of technology and science,university of illinois at urbana-champaign,university of illinois at urbana-champaign,university of illinois at urbana-champaign,university of illinois at urbana-champaign",university of illinois at urbana-champaign
"U16089,peking university beijing,peking university beijing,peking university beijing,peking university beijing,peking university beijing,huazhong university of science and technology,huazhong university of science and technology,huazhong university of science and technology,huazhong university of science and technology",birla institute of technology and science
"U7402,university of illinois at urbana-champaign,university of illinois at urbana-champaign,university of illinois at urbana-champaign,university of illinois at urbana-champaign,university of illinois at urbana-champaign,peking university beijing,peking university beijing,peking university beijing,peking university beijing",peking university beijing
"U28772,birla institute of technology and science,birla institute of technology and science,birla institute of technology and science,birla institute of technology and science,birla institute of technology and science,university of illinois at urbana-champaign,university of illinois at urbana-champaign,university of illinois at urbana-champaign,university of illinois at urbana-champaign",university of illinois at urbana-champaign
"U27761,shanghai jiao tong university,shanghai jiao tong university,shanghai jiao tong university,shanghai jiao tong university,shanghai jiao tong university,huazhong university of science and technology,huazhong university of science and technology,huazhong university of science and technology,huazhong university of science and technology",birla institute of technology and science
"U18562,university of florida,university of florida,university of florida,university of florida,university of florida,shanghai jiao tong university,shanghai jiao tong university,shanghai jiao tong university,shanghai jiao tong university",shanghai jiao tong university
"U18562,florida international university,florida international university,florida international university,florida international university,florida international university,university of illinois at urbana-champaign,university of illinois at urbana-champaign,university of florida,university of florida",university of florida
"U15197,university of illinois at urbana-champaign,university of illinois at urbana-champaign,university of illinois at urbana-champaign,university of illinois at urbana-champaign,university of illinois at urbana-champaign,florida international university,florida international university,florida international university,florida international university",florida international university
"U18954,huazhong university of science and technology,huazhong university of science and technology,huazhong university of science and technology,huazhong university of science and technology,huazhong university of science and technology,university of illinois at urbana-champaign,university of illinois at urbana-champaign,university of illinois at urbana-champaign,university of illinois at urbana-champaign",university of illinois at urbana-champaign
",huazhong university of science and technology,huazhong university of science and technology,huazhong university of science and technology,huazhong university of science and technology",huazhong university of science and technology
